UNSPSC Number,UNSPSC Description
11111701,SILICA SAND
11122001,PLYWOOD
11151512,GLASS FIBERS
11151514,POLYMER ARAMID FIBERS
11161804,KNIT SYNTHETIC FABRICS
11162104,GRAPHITE FABRIC OR CLOTH
1116210501,GLASS FABRIC KIT
1116210502,GLASS FABRIC
1116210503,FABRIC MATERIAL SYSTEMS
1116210701,RESIN IMPREGNATED FABRIC OR CLOTH-PP
1116210702,RESIN IMPREGNATED FABRIC OR CLOTH-SP
11162108,WIRE MESH FABRIC OR CLOTH
11162111,MESH
11162124,FELT FABRICS
11162136,NARROW WEAVE FABRIC
11191602,BASIC STEEL SCRAP
12141903,NITROGEN N
12141904,OXYGEN O
12142004,ARGON GAS AR
12142005,HELIUM GAS HE
12181601,SYNTHETIC OILS
12191601,ALCOHOL SOLVENTS
12191602,ACTIVE SOLVENTS
12352104,ALCOHOLS OR ITS SUBSTITUTES
12352115,KETONES OR QUINONES OR ITS SUBSTITUTES
12352310,SILICONES
13101708,SILICONE VMQ AND PMQ AND PVMQ
13101725,ETHYLENE PROPYLENE DIENE EPDM
13102001,ACRYLONITRILE BUTADIENE STYRENE ABS
13102003,ACETAL POLYMER
13102006,ACRYLONITRILE STYRENE ACRYLIC ASA ALLOYS
13102017,HIGH DENSITY POLYETHYLENE HDPE
13102020,POLYETHYLENE TEREPTHALATE PET
13102022,POLYPROPYLENE PP
13102029,RIGID THERMOPLASTIC POLYURETHANE RPTU
13102030,POLYVINYL CHLORIDE PVC
13102032,THERMOPLASTIC POLYOLEFIN TPO
1311100101,EPOXY RESIN
1311100102,EPOXY HARDENER
1311100103,EPOXY KIT
1311100104,EPOXY PACK
13111003,UNSATURATED POLYESTER RESIN
13111016,POLYETHYLENE
1311106101,POLYURETHANE RESINS
1311106102,POLYURETHANE HARDENER
1311106103,POLYURETHANE KIT
1311106104,POLYURETHANE PACK
13111201,POLYETHYLENE FILMS
13111208,NYLON FILMS
13111209,POLYCARBONATE FILMS
13111301,POLYOLEFIN FOAM
13111306,POLYVINYL CHLORIDE FOAM
13111308,POLYSTYRENE FOAM
13111309,POLYURETHANE FOAM
14111507,PRINTER OR COPIER PAPER
14121503,CARDBOARD
14121504,PACKAGING PAPER
15101505,DIESEL FUEL
15101506,GASOLINE OR PETROL
15101507,BENZENE
15111506,ACETYLENE
15121502,CUTTING OIL
15121503,GEAR OIL
15121504,HYDRAULIC OIL
15121505,TRANSFORMER OIL OR INSULATING OIL
15121520,GENERAL PURPOSE LUBRICANTS
15121526,LUBRICANTS FOR FOOD PROCESSING EQUIPMENT
15121530,HEAT TRANSFER OIL OR FLUID
15121802,ANTI CORROSION LUBRICANT
15121803,RUST REMOVER
15121804,RUST PROOFING PREPARATION
15121807,ANTIFREEZE
15121902,GREASE
20101617,GEARMOTORS
20122851,HYDRAULIC POWER UNIT
23101508,CUTTING MACHINES
23131504,POLISHING COMPOUNDS
23153034,MACHINE RAILS
23153130,MACHINE MOUNTS OR VIBRATION ISOLATORS
23153401,ADHESIVE OR GLUE APPLICATION SYSTEMS
23153402,ASSEMBLY FIXTURES
2315341701,"SPARE PARTS, MISC ASSEMBLY MACHINES"
23153418,CUSTOM ASSEMBLY FIXTURES OR TOOLING
23231001,TOOL HOLDER
23241602,BROACH
23241606,DRILLS HIGH SPEED STEEL
23241610,PIPE OR TUBE CUTTER
23241611,REAMER
23241616,WIRE OR CABLE CUTTER
23271603,SOLDERING IRON
23271718,WELDING BLANKET
23271816,SOLDER PASTE
23281601,INDUCTION HEATING MACHINE
2410160201,HOIST-MANUAL OPERATE
2410160202,HOIST-ELECTRICAL OPERATE
2410160203,HOIST ACCESSORIES
24101608,WINCHES
24101611,SLINGS
24101612,JACKS
24101613,BLOCKS OR PULLEYS
24101616,BELOW THE HOOK DEVICE
2410162701,GIRDER TROLLEYS
2410162702,GIRDER TROLLEYS ACCESSORIES
24101634,CHAIN BAGS
24101638,WIRE ROPE SLING
24101641,SHACKLE
24101647,MATERIAL LIFTING CLAMP
2410164901,WINCH CRANE
2410164902,WINCH CRANE ACCESSORIES
24101652,JIB CRANE
2410165301,OVERHEAD CRANE
2410165302,OVERHEAD CRANE ACCESSORIES
24101654,GANTRY CRANE
24101668,LIFTING BEAM & SPREADER BAR
24101672,CHAIN SLING
24101673,MULTILEG SLING
24102004,STORAGE RACKS OR SHELVES
24102101,CARGO HANDLING EQUIPMENT
24111503,PLASTIC BAGS
24111507,TOOL BAGS
24111803,STORAGE TANKS
24111804,CALIBRATING TANKS
24111807,EXPANSION TANKS
24112003,NON METALLIC BINS
24112004,METALLIC BINS
24112204,METALLIC PAILS
24112205,NON METALLIC PAILS
24112411,ROAD AND FLIGHT CASE
24112701,WOOD PALLET
24112801,DRY FREIGHT CONTAINER
24112803,PLATFORM FREIGHT CONTAINER
24113106,TOOL BOX
24121502,PACKAGING POUCHES OR BAGS
24121503,PACKAGING BOXES
24122002,PLASTIC BOTTLES OR VIALS
24131513,REFRIGERANT
24131602,UPRIGHT CABINET FREEZER
24141502,SHRINK WRAP FILMS
24141504,TAMPER PROOF OR SECURITY SEALS
24141506,TARPAULINS
24141514,PACKAGING FILMS
24141516,DESSICANT
24141520,NON METAL PACKING BAND OR STRAPPING
24141603,CUSHIONING
24141702,TUBE OR CORE END PLUGS
25111911,BOATHOOKS
25171706,BRAKE CALIPERS
25171708,DISC BRAKE
25171712,DRUM BRAKE SHOES
25171713,DISC BRAKE PADS
25171715,DISC BRAKE ROTORS
25171716,BRAKE LINES
25171722,BRAKE BLEED SCREW CAP
25172007,STRUTS
25172011,SHOCK ABSORBER
25172407,BREATHER ELEMENTS
25173128,SATELLITE NAVIGATION EQUIPMENT
25173802,NON DRIVING AXLES
25173823,GEARBOX OR TRANSMISSION REPAIR KIT
25174203,BALL JOINT
25174209,PINIONS
25181714,SEMI TRAILER
26101105,HEATING AND COOLING SYSTEM MOTOR AC
26101109,SYNCHRONOUS MOTOR AC
26101110,MULTISPEED MOTOR AC
26101112,GENERAL PURPOSE MOTOR AC
26101114,INDUCTION MOTOR AC
26101116,SINGLE PHASE MOTOR AC
26101202,STEP MOTOR DC
26101208,PERMANENT MAGNET MOTOR DC
26101302,ALTERNATOR
26101404,MOTOR BRUSH
26101406,MOTOR MOUNT OR BASE
26101409,MOTOR ROTOR
26101410,MOTOR STATOR
26101411,MOTOR LAMINATION
26101414,MOTOR BRUSH CARRIER
26101704,ENGINE MOUNTS
26101711,CONNECTING RODS
26101725,OIL DIP STICKS OR TUBES
26101736,PISTONS
26101747,PUSH RODS
26101765,VIBRATION DAMPERS
26111510,TRANSMISSION SHAFTS
26111520,TRUNNIONS
26111524,GEAR UNITS
26111534,TRANSMISSION HUBS
26111540,PLANETARY SPEED REDUCER
26111601,DIESEL GENERATORS
2611160303,COOLER TOP ASSEMBLY
2611160306,"GEARBOX, ASSEMBLY AND MODULE"
261116031878,HYDRAULIC ACCUMULATORS ASSEMBLY
261116031879,HYDRAULIC CYLINDERS ASSEMBLY
261116031880,HOSE ASSEMBLY SET
261116031883,BLADE BEARING ASSEMBLY
261116031884,TORQUE ARM ASSEMBLY
261116031889,LC  PUMP UNIT
261116031892,BACK UP PANEL ASSEMBLY
261116031898, LUBRICATION UNIT
261116031900,PANEL ASSEMBLY
261116031901,FAN BOX WITH FILTERATION UNIT
261116031902,DEHUMIDIFIER COMPLETE SYSTEM
261116031903,CENTRIFUGAL PUMPS ASSEMBLY
261116031906,DRAIN VALVE ASSY
261116031907,TRANSMISSION HUB FOR ROTORS
26111615,PETROL GENERATOR
26111702,ALKALINE BATTERIES
26111704,BATTERY CHARGERS
26111707,LEAD ACID BATTERIES
26111709,NICKEL CADMIUM BATTERIES
26111711,LITHIUM BATTERIES
26111719,BATTERY TESTERS
26111721,NICKEL METAL HYDRIDE BATTERIES
26111722,BATTERY ADAPTER OR ACCESSORIES
26111803,ROUND BELTS
26111806,TRANSMISSION PULLEYS
26112001,PRESSURE PLATE
26112105,ELECTRICAL BRAKING SYSTEMS
26121517,COPPER WIRE
26121524,INSULATED OR COVERED WIRE
26121538,WIRE ASSEMBLY
26121542,INSTALLATION WIRE
26121543,HEAT RESISTANT WIRE
26121604,SIGNAL CABLE
26121607,FIBER OPTIC CABLE
26121613,INSULATED OR COVERED CABLE
26121624,RIBBON OR FLAT CABLE
26121629,POWER CABLE
26121641,INSTALLATION CABLES
26121704,SPECIALTY WIRING HARNESS
2613161201,EXHAUST OUTLET DUCTS-FLAT
2613161202,EXHAUST OUTLET DUCTS-ROUND
26131803,GENERATOR CONTROL OR PROTECTION PANELS
27111501,KNIFE BLADES
27111503,UTILITY KNIVES
27111506,SHEARS
27111508,SAWS
27111510,STRIPPING TOOLS
27111511,WIRE CUTTERS
27111512,BOLT CUTTERS
27111518,WIRE LUG CRIMPING TOOL
27111526,DEBURRING TOOL
27111555,CENTER PUNCH
27111558,PARALLEL PIN PUNCH
27111602,HAMMERS
27111701,SCREWDRIVERS
27111702,NUT DRIVERS
27111703,SOCKET SETS
27111704,SOCKETS
27111707,ADJUSTABLE WRENCHES
27111708,PIPE WRENCHES
27111709,SCREW EXTRACTORS
27111711,RATCHETS
27111712,PULLERS
27111713,COMBINATION WRENCHES
27111715,TORQUE WRENCHES
27111720,T HANDLE TAP WRENCHES
27111721,CRANKS
27111722,DIE STOCKS
27111724,HOOK WRENCHES
27111726,SPANNER WRENCHES
27111729,WRENCH SET
27111736,INSULATED SCREWDRIVER
27111739,TORQUE SCREWDRIVER
27111743,RING WRENCH OR SPANNER
27111750,MOLE WRENCH
27111753,RATCHET WRENCHES
27111757,SLUGGING WRENCH
27111761,WATER PUMP WRENCH
27111763,ALLEN WRENCH
27111801,TAPE MEASURES
27111802,LEVELS
27111901,COLD CHISELS
27111905,GRINDERS
27111906,WOOD CHISELS
27111907,WIRE BRUSHES
27111909,SPATULAS
27111929,FLAT HAND FILE
27111930,ROUND FILE
27111931,HALF ROUND FILE
27111932,SQUARE FILE
27111933,THREE SQUARE TRIANGULAR FILE
27112004,SHOVELS
27112103,HAND CLAMPS
27112105,TWEEZERS
27112107,ADJUSTABLE WIDEMOUTH PLIERS
27112108,NEEDLENOSE PLIERS
27112114,DIAGONAL CUT PLIERS
27112127,STRAP WRENCHES
27112128,CURVED NOSE PLIERS
27112139,COMBINATION PLIERS
27112140,CIRCLIP PLIERS
27112151,WIRE-STRIPPING PLIERS
27112303,SCRIBERS
27112402,RIVET TOOLS
27112410,CABLE TIE GUN
27112507,WRECKING OR CROW BAR
27112601,PUTTY KNIVES
27112702,POWER BUFFERS
27112703,POWER DRILLS
27112704,POWER GRINDERS
27112706,POWER PLANES
27112708,POWER SANDERS
27112709,POWER SAWS
27112713,IMPACT WRENCHES
27112714,POWER CAULKING GUNS
27112717,HEAT GUNS
27112719,GLUE GUNS
27112720,TORQUE TOOLS
27112725,POWER RIVETER
27112730,POWER GREASE GUN
27112802,SAW BLADES
27112805,THREADING DIE HAND TOOL
27112806,THREADING TAPS
27112812,COUNTERSINKS
27112820,LUG CRIMPING TOOL DIES
27112828,IMPACT SOCKET
27112829,IMPACT WRENCH ATTACHMENTS AND ACCESSORIES
27112832,SOCKET ATTACHMENTS AND ACCESSORIES
27112836,SCREWDRIVER BIT SET
27112845,DRILL BIT SET
27112901,GREASE GUNS
27112902,INDUSTRIAL FUNNELS
27112903,HAND SPRAYERS
27112906,CAULKING GUNS
27112914,GREASE LUBRICATOR
27113003,APPLICATOR BRUSHES
27113201,GENERAL TOOL KITS
27113301,MAGNIFYING GLASS
27121601,CYLINDER PISTONS
27121602,HYDRAULIC CYLINDERS
27121606,MOUNTING BASES FOR HYDRAULIC CYLINDERS
27121701,HYDRAULIC QUICK CONNECTORS
27121704,HYDRAULIC UNIONS
27121802,HYDRAULIC ACCUMULATORS
2712181501,OPEN END HYDRAULIC WRENCH
2712181502,SQUARE DRIVE HYDRAULIC WRENCH
2712181503,HYDRAULIC TENSIONER
2712181504,HEX DRIVE HYDRAULIC WRENCH
27131502,COMPRESSED AIR GUN
27131504,PNEUMATIC HAMMER
27131609,PNEUMATIC SILENCERS
27131613,AIR COUPLING
27131701,PNEUMATIC CYLINDERS
30101504,STEEL ANGLES
30101506,ALUMINUM ANGLES
30101516,RUBBER ANGLES
30101704,STEEL BEAMS
30101804,STEEL CHANNELS
30102006,ALUMINUM FOIL
30102015,PLASTIC FOIL
3010220401,SHELLS (TOWERS)
3010220402,HEAVY PLATES (TOWERS)
30102206,ALUMINUM PLATE
30102216,RUBBER PLATE
30102304,STEEL PROFILES
30102316,RUBBER PROFILES
30102903,METAL POSTS
30103101,STEEL RAIL
30103201,STEEL GRATING
30103202,STAINLESS STEEL GRATING
30103203,ALUMINUM GRATING
30103605,WOOD PLANKS
30103616,COMPOSITE FRAMEWORK
30103617,WOODEN FRAMEWORK
30103618,STEEL FRAMEWORK
30104001,ROUND HOLLOW STRUCTURAL SECTION HSS
30104002,SQUARE HOLLOW STRUCTURAL SECTION HSS
30104003,RECTANGULAR HOLLOW STRUCTURAL SECTION HSS
30111903,WIRE MESH SHEET
30141512,THERMAL INSULATION KIT
30141601,ACOUSTICAL INSULATION
30151703,GUTTERS
30161720,FLOOR PANEL
30161901,LOUVERS
30161908,STAIR PARTS
30162002,SPECIALTY LAMINATE
3017150501,DOOR ASSEMBLY
3017150503,DOOR WELDED
3017150504,DOOR ACCESSORIES
30171507,DOOR FRAMES
30181701,SPIGOT
3019150110,LADDER ASM TOWER COMPLETE
3019150120,CABLE LADDER
3019150130,RAW LADDER
3019150140,BASE LADDERS
3019150150,CABLE LADDER ASSEMBLY
3019150180,STANDARD LADDERS
3019150181,STANDARD LADDER WITH PLATFORM & ASSEMBLY
3019150201,PLATFORM ASSEMBLY
3019150202,PLATFORM FLOOR PLATES WITH RADIUS
3019150203,PLATFORM FLOOR PLATES RECTANGULAR
3019150204,PLATFORM KICKPLATES
3019150205,DISTANCE PROFILES
3019150206,HATCH ASSEMBLY
3019150207,PLATFORM ACCESSORIES
3019150208,REST PLATFORM
3019150209,HATCH WELDED
3019150210,PARTS FOR PLATFORMS-KIT SET
3019150211,PARTS FOR PLATFORM-PHANTOMS
3019150220,GALLERY ASSEMBLY
3019150221,GALLERY WELDED
3019150225,GALLERY DOOR
3019150226,PLATE
3019150231,SWING GATES (ASSEMBLIES)
3019150232,SWING GATES WELDED ASSEMBLY
3019150235,HELI HOIST PLATFORM
30191607,SCAFFOLDING COUNTERWEIGHT
30191611,SCAFFOLDING FIXATION DEVICE
30191614,LADDER TRAY
30191615,LADDER LEG
3026360501,CARBON STEEL SAE1000 SERIES HOT ROLL BAR-ROUND
3026360502,CARBON STEEL SAE1000 SERIES HOT ROLL BAR-FLAT
3026360503,CARBON STEEL SAE1000 SERIES HOT ROLL BAR-HEXAGON
31101618,DUCTILE IRON SAND CASTING
31111501,ALUMINUM PROFILE EXTRUSIONS
31121017,COMPOSITE V PROCESS MACHINED CASTINGS
31121203,STEEL SAND MACHINED CASTINGS
31121206,ALUMINUM SAND MACHINED CASTINGS
31121222,DUCTILE IRON SAND MACHINED CASTING
31121224,GREY IRON SAND MACHINED CASTING
31121517,COMPOSITE SHELL MOLD MACHINED CASTINGS
31133109,HOT FORGED MACHINED COPPER FORGING
31141501,PLASTIC INJECTION MOLDINGS
31141502,RUBBER INJECTION MOLDINGS
31141601,PLASTIC VACUUM MOLDINGS
31151502,POLYESTER ROPE
31151503,POLYPROPYLENE ROPE
31151504,NYLON ROPE
31151505,WIRE ROPE
31151609,CHAIN LINKS
31151702,NON ELECTRIC CONTROL CABLES
31151708,GUY CABLES
31151906,RATCHET TIE DOWN STRAP
31161507,TAPPING SCREWS
31161514,WELD SCREWS
31161518,SOCKET SCREW
31161522,EYE SCREW
31161523,WING SCREW
31161603,CARRIAGE BOLTS
31161607,EXPANSION BOLTS
31161609,TOGGLE BOLTS
31161610,EYE BOLTS
31161611,LOCKING BOLTS
31161612,PIN OR COLLAR BOLTS
31161616,U BOLTS
31161618,THREADED ROD
31161619,STUD BOLTS
31161620,HEXAGONAL BOLTS
31161627,BOLT ASSEMBLY
31161631,SHOULDER BOLT
31161635,WASHER ASSEMBLED BOLT
31161638,T BOLT
31161703,BLIND NUTS
31161711,EYE NUTS
31161714,INSERT NUTS
31161716,LOCKNUTS
31161717,WING NUTS
31161721,SPRING NUTS
31161724,PRESS NUTS
31161725,CLIP NUTS
31161727,HEXAGONAL NUTS
31161730,SQUARE NUTS
31161731,WELD NUTS
31161733,T NUT OR T SLOT NUT
31161734,SLOTTED ROUND NUT
31161801,LOCKING WASHERS
31161807,FLAT WASHERS
31161810,SHIM WASHERS
31161811,SPRING WASHERS
31161812,SQUARE WASHERS
31161816,SPACERS OR STANDOFFS
31161817,CONICAL WASHERS
31161818,SEAL WASHERS
31161822,TOOTH LOCK WASHER
31161903,SPIRAL SPRINGS
31161911,SPRING ASSEMBLY
31162201,BLIND RIVETS
31162301,MOUNTING PROFILES
31162303,MOUNTING BARS
31162305,MOUNTING CLIPS
31162307,MOUNTING PLATES
31162310,MOUNTING STRAPS
31162312,MOUNTING PINS
3116231301,KITSET MSI SECTIONS PHANTOM
3116231305,KITS SITE
3116231306,KITS CABLE FALL ARREST
3116231310,KITSET TRANSPORT AND HANDLING EQUIPMENT
3116231315,KITSET SERVICE/REPAIR
3116231320,KITSET BLADE PARTS
31162403,HINGES
31162405,TURNBUCKLES
31162407,LATCH
31162409,CLEVIS PIN
31162412,CLEVIS
31162415,PAWLS
31162420,ENGINEERED HINGE
31162502,ANGLE BRACKETS
31162503,BRACES
31162505,MAGNETIC MOUNTING BRACKETS
31162506,WALL MOUNT BRACKET
31162604,SAFETY HOOKS
31162702,WHEELS
31162801,HANDLES OR KNOBS
31162802,INSERTS
31162809,LOCATING PINS
31162813,WIRE ROPE CLIP
31162814,FASTENER ASSORTMENT KIT
31162815,SHIM
31162901,EAR CLAMPS
31162903,SCREW CLAMPS
31162904,WIRE ROPE CLAMPS
3116290601,HOSE OR PIPE CLAMPS-DIN 3015-1
3116290602,HOSE OR PIPE CLAMPS-DIN 3015-2
3116290603,HOSE OR PIPE CLAMPS-DIN 3015-3
3116290604,HOLDER PLATE
3116290605,FLANGE CLAMP-ISO 6162-1
3116290606,FLANGE CLAMP-ISO 6162-2
3116290607,FLANGE CLAMP-ISO 6162-1 ASSEMBLY
3116290608,FLANGE CLAMP-ISO 6162-2 ASSEMBLY
31163003,METALLIC COUPLINGS
31163009,RIGID COUPLING
31163010,SPIDER COUPLING
31163032,ELECTRICAL COUPLING ADAPTER
31163201,SPRING PINS
31163202,RETAINING RINGS
31163203,DOWEL PIN
31163204,COTTER PIN
31163207,SHAFT OR WOODRUFF KEYS
31163209,BEARING HOLDERS OR RETAINERS
31163211,RETAINING CLIPS
31163212,THREADED PINS
31163226,CIRCLIP
31171501,FLANGED BEARINGS
31171504,BALL BEARINGS
31171505,ROLLER BEARINGS
31171508,ROD END BEARINGS
31171509,SLEEVE BEARINGS
31171510,SPHERICAL BEARINGS
31171512,NEEDLE BEARINGS
31171515,PLAIN BEARINGS
31171516,TAPERED BEARINGS
31171519,BEARING BLOCKS OR HOUSINGS
31171530,CAM FOLLOWER BEARING
31171545,BEARING COVER
31171552,THRUST BALL BEARING
31171553,THRUST ROLLER BEARING
31171605,SHAFT BUSHINGS
31171609,BUSHING SLEEVE
31171707,SPUR GEARS
31171711,RING GEARS
31171712,WORM GEARS
31171714,HELICAL GEARS
31171715,CYLINDRICAL GEAR
31171803,FLYWHEELS
31191501,ABRASIVE PAPERS
31191506,ABRASIVE DISCS
31191509,ABRASIVE POLISHERS
31191515,ABRASIVE MESH
31201501,DUCT TAPE
31201502,ELECTRICAL INSULATING TAPE
31201503,MASKING TAPE
31201505,DOUBLE SIDED TAPE
31201507,FIBERGLASS TAPE
31201509,NYLON TAPE
31201512,TRANSPARENT TAPE
31201513,NON SKID SAFETY TAPES
31201514,POLYTETRAFLUOROETHYLENE PTFE THREAD SEALING TAPE
31201517,PACKAGING TAPE
31201523,CLOTH TAPE
31201531,POLYETHYLENE TAPE
31201534,RUBBER TAPE
31201601,CHEMICAL ADHESIVES
31201602,PASTES
3120160501,PUTTY AND FILLERS-RESIN
3120160502,PUTTY AND FILLERS-HARDENER
3120160503,PUTTY AND FILLERS-KIT
3120160504,PUTTY AND FILLERS-PACK
3120160701,EPOXY ADHESIVE-RESIN
3120160702,EPOXY ADHESIVE-HARDENER
3120160703,EPOXY ADHESIVE-KIT
3120160704,EPOXY ADHESIVE-PACK
31201608,FOAM ADHESIVES
31201609,HOT MELT ADHESIVES
31201610,GLUES
31201611,FILM ADHESIVES
31201615,ADHESIVE ACTIVATORS
31201618,DRYWALL JOINT COMPOUND
3120163501,PUR ADHESIVE-RESIN
3120163502,PUR ADHESIVE-HARDENER
3120163503,PUR ADHESIVE-KIT
3120163504,PUR ADHESIVE-PACK
31201705,SEALING COMPOUND
31201712,SILICONE SEALANT
31201713,POLYURETHANE SEALANT
3121150201,WATER BASED PAINT-RESIN
3121150202,WATER BASED PAINT-HARDENER
3121150203,WATER BASED PAINT-KIT
3121150204,WATER BASED PAINT-PACK
31211504,COATING PAINTS
31211507,SPRAY PAINTS
3121151501,SOLVENT BASED PAINT-RESIN
3121151502,SOLVENT BASED PAINT-HARDENER
3121151503,SOLVENT BASED PAINT-KIT
3121151504,SOLVENT BASED PAINT-PACK
31211522,HEAVY DUTY COATING
31211605,ANTI SLIP AGENTS
31211803,PAINT OR VARNISH THINNERS
31211904,PAINT BRUSHES
31211905,PAINT MIXERS
31211906,PAINT ROLLERS
3123110101,ALUMINUM MACHINED BAR STOCK-ROUND
3123110102,ALUMINUM MACHINED BAR STOCK-FLAT
3123110103,ALUMINUM MACHINED BAR STOCK-HEXAGON
3123110401,BRONZE MACHINED BAR STOCK-ROUND
3123110402,BRONZE MACHINED BAR STOCK-FLAT
3123110403,BRONZE MACHINED BAR STOCK-HEXAGON
3123110501,COPPER MACHINED BAR STOCK-ROUND
3123110502,COPPER MACHINED BAR STOCK-FLAT
3123110503,COPPER MACHINED BAR STOCK-HEXAGON
3123111001,STAINLESS STEEL MACHINED BAR STOCK-ROUND
3123111002,STAINLESS STEEL MACHINED BAR STOCK-FLAT
3123111003,STAINLESS STEEL MACHINED BAR STOCK-HEXAGON
3123111601,STEEL MACHINED BAR STOCK-ROUND
3123111602,STEEL MACHINED BAR STOCK-FLAT
3123111603,STEEL MACHINED BAR STOCK-HEXAGON
3123111701,COMPOSITE MACHINED BAR STOCK-ROUND
3123111702,COMPOSITE MACHINED BAR STOCK-FLAT
3123111703,COMPOSITE MACHINED BAR STOCK-HEXAGON
3123111901,NON METALLIC MACHINED BAR STOCK-ROUND
3123111902,NON METALLIC MACHINED BAR STOCK-FLAT
3123111903,NON METALLIC MACHINED BAR STOCK-HEXAGON
3123120101,ALUMINUM MACHINED PLATE STOCK-FLAT
3123120102,ALUMINUM MACHINED PLATE STOCK-ROUND
3123120301,BRASS MACHINED PLATE STOCK-FLAT
3123120302,BRASS MACHINED PLATE STOCK-ROUND
3123120501,COPPER MACHINED PLATE STOCK-FLAT
3123120502,COPPER MACHINED PLATE STOCK-ROUND
3123121001,STAINLESS STEEL MACHINED PLATE STOCK-FLAT
3123121002,STAINLESS STEEL MACHINED PLATE STOCK-ROUND
3123121601,STEEL MACHINED PLATE STOCK-FLAT
3123121602,STEEL MACHINED PLATE STOCK-ROUND
3123121701,COMPOSITE MACHINED PLATE STOCK-FLAT
3123121702,COMPOSITE MACHINED PLATE STOCK-ROUND
3123121901,NON METALLIC MACHINED PLATE STOCK-FLAT
3123121902,NON METALLIC MACHINED PLATE STOCK-ROUND
31251501,ELECTRIC ACTUATORS
31251511,LINEAR ACTUATORS
31261501,PLASTIC HOUSINGS OR CABINETS
31261503,STEEL HOUSINGS OR CABINETS
31261504,GEAR BOX HOUSINGS
31261603,STEEL SHELLS OR CASINGS
31281502,ALUMINUM STAMPED COMPONENTS
31281507,CARBON STEEL STAMPED COMPONENTS
31291401,ALUMINUM MACHINED HOT EXTRUSIONS
31291410,PLASTIC MACHINED HOT EXTRUSIONS
3129141801,COMPOSITE MACHINED - T PULTRUSION
3129141802,COMPOSITE MACHINED - CARBON PULTRUSION
31331201,ALUMINUM BOLTED STRUCTURAL ASSEMBLIES
31331202,CARBON STEEL BOLTED STRUCTURAL ASSEMBLIES
31331209,STAINLESS STEEL BOLTED STRUCTURAL ASSEMBLIES
31331601,ALUMINUM WELDED OR BRAZED STRUCTURAL ASSEMBLIES
31331602,CARBON STEEL WELDED OR BRAZED STRUCTURAL ASSEMBLIES
31331609,STAINLESS STEEL WELDED OR BRAZED STRUCTURAL ASSEMBLIES
31351201,ALUMINUM WELDED OR BRAZED TUBE ASSEMBLIES
3135120201,CARBON STEEL WELDED TUBE ASSEMBLY
3135120202,SECTION PAINTED
3135120203,SECTION WELDED
31351501,ALUMINUM BOLTED TUBE ASSEMBLIES
31351509,STAINLESS STEEL BOLTED TUBE ASSEMBLIES
31361201,ALUMINUM BOLTED PLATE ASSEMBLIES
31361202,CARBON STEEL BOLTED PLATE ASSEMBLIES
31361209,STAINLESS STEEL BOLTED PLATE ASSEMBLIES
31361212,COPPER BOLTED PLATE ASSEMBLIES
31361401,ALUMINUM WELDED OR BRAZED PLATE ASSEMBLIES
31361402,CARBON STEEL WELDED OR BRAZED PLATE ASSEMBLIES
31361409,STAINLESS STEEL WELDED OR BRAZED PLATE ASSEMBLIES
31381101,CAST MACHINED ISOTROPIC FERRITE MAGNET
31381104,CAST MACHINED ISOTROPIC NEODYMIUM MAGNET
31381148,CASTISOTROPIC NEODYMIUM MAGNET ASSEMBLY
31391501,PLASTIC STANDARD PRECISION MACHINING
3140150101,RUBBER MOLDED GASKET-ROUND
3140150102,RUBBER MOLDED GASKET-FLAT
3140150103,O RING-ENDLESS SEAL
31401503,O RING MOLDED GASKET
31411501,RUBBER LATHE CUT SEAL
31411505,METALLIC LATHE CUT SEAL
31411703,MECHANICAL SEAL KIT
31411804,RUBBER DIAPHRAGM SEAL
31411901,RUBBER MOLDED SEAL
31411904,RUBBER ON METAL OR PLASTIC MOLDED SEAL
32101510,PRINTED WIRE BOARDS
32101514,AMPLIFIERS
32101527,TERMINATIONS
32101544,FREQUENCY OSCILLATOR
32101601,RANDOM ACCESS MEMORY RAM
32101603,STATIC RANDOM ACCESS MEMORY SRAM
32101605,ERASEABLE PROGRAMMABLE READ ONLY MEMORY EPROM
32101606,ELECTRONICALLY ERASABLE PROGRAMMABLE READ ONLY MEMORY EEPROM
32101608,READ ONLY MEMORY ROM
32101622,FLASH MEMORY
32101626,MICROPROCESSORS
32101629,OPERATIONAL AMPLIFIERS
32101630,VOLTAGE REGULATOR INTEGRATED CIRCUITS
32101631,VOLTAGE COMPARATOR INTEGRATED CIRCUITS
32101632,TIMER INTEGRATED CIRCUITS
32101633,LOGIC GATES
32101634,FLIP FLOPS
32101638,APPLICATION SPECIFIC INTEGRATED CIRCUIT
32101643,PROGRAMMABLE LOGIC INTEGRATED CIRCUIT
32111509,POWER DIODES
32111599,"DIODES, ALL TYPES"
32111602,FIELD EFFECT TRANSISTORS FET
32111609,INSULATED GATE BIPOLAR TRANSISTORS IGBT
32111611,BIPOLAR JUNCTION TRANSISTORS BJT
32111702,THYRISTORS
32121501,FIXED CAPACITORS
32121609,FIXED RESISTORS
32121610,THERMISTOR
32121701,RECTIFIERS
32121702,INDUCTORS
32131001,HEAT SINKS
32151703,PROGRAMMABLE LOGIC CONTROLLER ACCESSORIES
32151705,PROGRAMMABLE LOGIC CONTROLLER MODULE
32151801,LOAD SWITCH IEC
39101601,HALOGEN LAMPS
39101605,FLUORESCENT LAMPS
39111501,FLUORESCENT FIXTURES
39111520,HALOGEN LIGHTING FIXTURES
39111541,INTERIOR LIGHTING FIXTURE ACCESSORY
39111610,FLASHLIGHT
39111613,SECURITY LIGHTING
39112102,LIGHT EMITTING DIODE LED OPTIC LIGHTING
39121001,DISTRIBUTION POWER TRANSFORMERS
39121002,POWER SUPPLY TRANSFORMERS
39121004,POWER SUPPLY UNITS
39121006,POWER ADAPTERS OR INVERTERS
39121007,FREQUENCY CONVERTERS
39121008,SIGNAL CONVERTERS
39121009,ELECTRICAL OR POWER REGULATORS
39121010,MAGNETIC COILS
39121011,UNINTERRUPTIBLE POWER SUPPLY UPS
39121012,CHOKES
39121015,REACTORS
39121016,SLIP RINGS
39121017,POWER DISTRIBUTION UNITS PDUS
39121032,CURRENT TRANSFORMER
39121033,POTENTIAL TRANSFORMER
39121044,AUDIO FREQUENCY TRANSFORMER
39121103,PANELBOARDS
39121105,SWITCHGEAR SYSTEMS
39121106,POWER MONITORING OR CONTROL SYSTEMS
39121117,BUSS BAR
39121302,ENCLOSURE PLATES OR COVERS
39121303,ELECTRICAL BOXES
39121308,OUTLET BOX
39121309,SPECIALTY ELECTRICAL BOXES
39121311,ELECTRICAL FITTINGS
39121321,ELECTRICAL BOX HARDWARE AND ACCESSORIES
39121329,FUSE CABINET
39121402,ELECTRICAL PLUGS
3912140301,LOCKING PLUG ASSEMBLY
3912140302,LOCKING PLUG COMPONENT
39121404,ELECTRICAL SLEEVES
39121405,CABLE OR WIRE LUG
39121408,MECHANICAL CONNECTORS
39121410,TERMINAL BLOCKS
39121413,CIRCULAR CONNECTORS
39121421,ELECTRICAL CONNECTOR ASSEMBLY
39121424,TERMINAL BLOCK COVERS
39121426,JUMPER BAR
39121431,CABLE GLAND CONNECTOR
39121432,ELECTRICAL TERMINALS
39121440,ELECTRICAL EXTENSION CABLE
39121452,CABLE JOINT
39121459,PRINTED CIRCUIT BOARD PCB PRESS FIT HEADER CONNECTOR
39121462,TELECOMMUNICATION CONNECTOR
39121521,MOTOR STARTER CONTROLS
39121522,ELECTRICAL CONTACTS
39121523,TIMER CONTROLS
39121527,ENCODERS
39121528,PHOTOELECTRIC SENSORS
39121529,CONTACTORS
39121534,INDICATOR OR PILOT LIGHTS
39121545,EMERGENCY STOP DEVICE
39121561,PENDANT CONTROL STATION
39121601,CIRCUIT BREAKERS
39121603,MINIATURE CIRCUIT BREAKERS
39121604,TIME DELAY FUSES
39121605,PLUG FUSES
39121606,CARTRIDGE FUSES
39121607,GLASS BODY FUSES
39121609,MIDGET FUSES
39121610,SURGE SUPPRESSERS
39121611,CERAMIC FUSES
39121612,BLADE FUSES
39121617,FUSE PARTS OR ACCESSORIES
39121619,DIAZED OR BOTTLE FUSES
39121621,LIGHTNING PROTECTION APPARATUS AND ACCESSORIES
39121624,FUSE HOLDER
39121625,HIGH SPEED FUSE
39121628,SEMICONDUCTOR FUSE
39121629,FUSE BLOCK
39121703,CABLE TIES
39121705,CABLE CLAMP AND STAPLE
39121708,DIN RAIL
39121717,CABLE TIE MOUNTS
39121721,ELECTRICAL INSULATORS
39121722,WIRE AND CABLE PULLING DEVICE
39121723,HEAT SHRINKABLE TUBE
39121725,ELECTRICAL CABLE GRIP
39121906,PLUG AND CORD LOCKOUT
39122117,STRAIN POLE SUSPENSION YOKE
39122205,SAFETY SWITCH
39122210,PRESSURE SWITCH
39122213,LIMIT SWITCH
39122216,PUSH BUTTON SWITCH
39122219,LEVEL OR FLOAT SWITCH
39122221,SWITCH PART OR ACCESSORY
39122223,FLOW SWITCH
39122229,TEMPERATURE SWITCH
39122237,PANEL MOUNT SWITCH
39122315,ELECTROMAGNETIC RELAY
39122330,OVERLOAD RELAY
39122334,RELAY BOARD OR MULTIPLE RELAY MODULE
39131504,WIRE IDENTIFICATION MARKER
39131602,EXPANDABLE BRAIDED SLEEVING
3913160301,GROMMET EDGING-FLAT
3913160302,GROMMET EDGING-ROUND
3913170401,CABLE TRAY ASSEMBLY
3913170402,CABLE TRAY
39131705,CABLE TRAY FITTING AND ACCESSORIES
39131706,ELECTRICAL CONDUIT
39131710,WIREWAY
39131712,WIRING DUCT
39131713,WIRING DUCT FITTING AND ACCESSORIES
40101510,VENTILATION TUBING
40101512,VENTILATION TUBE FITTINGS
40101601,BLOWERS
40101603,IMPELLERS
40101604,FANS
40101605,FAN GUARDS OR ACCESSORIES
40101608,FAN FILTER UNIT
40101720,UNIT COOLER
40101727,RADIATOR COOLER
40101802,HEAT EXCHANGERS
40101815,IMMERSION HEATERS
40101819,SPACE HEATERS
40101830,HEATER ELEMENTS
40101835,PLATE HEAT EXCHANGER
40101902,DEHUMIDIFIERS
40141605,SOLENOID VALVES
40141607,BALL VALVES
40141608,HYDRAULIC VALVES
40141678,BUTTERFLY VALVES
4014172001,PLUMBING CONNECTORS-ISO 8434-1
4014172002,PLUMBING CONNECTORS-ISO 8434-2
4014172003,PLUMBING CONNECTORS-ISO 8434-6
40141731,NOZZLES
40141734,HOSE FITTING
40141736,GREASE FITTING
40141741,ORIFICE FITTINGS
40141746,SIGHT GLASS
40141761,PIPING MANIFOLD
40141764,HOSE ASSEMBLY
40141901,FLEXIBLE DUCTS
40141902,RIGID DUCTS
40142002,AIR HOSES
40142007,SPECIAL HOSES
40142020,HYDRAULIC HOSE
40151502,VACUUM PUMPS
40151503,CENTRIFUGAL PUMPS
40151506,HAND PUMPS
40151510,WATER PUMPS
4015152401,OIL PUMPS
4015152402,OIL PUMPS ASSEMBLY
4015153301,HYDRAULIC PUMPS
4015153302,HYDRAULIC PUMPS ASSEMBLY WITH MOTOR
40151580,LUBRICATOR PUMP
40151601,AIR COMPRESSORS
40151728,PUMP REPAIR KITS
40161505,AIR FILTERS
40161506,FILTERING MACHINERY
40161508,BAG FILTERS
40161512,ELECTRONIC FILTERS
40161515,HYDRAULIC FILTERS
40161525,HOUSINGS FOR FILTERS
40161531,FILTER ASSEMBLY
40161807,FILTER ELEMENT
40171501,COMMERCIAL WELDED CARBON STEEL PIPE
40171601,INDUSTRIAL WELDED CARBON STEEL PIPE
40171602,INDUSTRIAL SEAMLESS CARBON STEEL PIPE
40171621,INDUSTRIAL WELDED STAINLESS STEEL PIPE
40171622,INDUSTRIAL SEAMLESS STAINLESS STEEL PIPE
4017180101,BASE FLANGE
4017180102,TEMPLATE/LD FLANGE
40171802,FLANGES
40172910,RUBBER PIPE EXPANSION JOINT
40173402,CARBON STEEL PIPE PLATE FLANGE
40173406,STAINLESS STEEL PIPE PLATE FLANGE
40173502,CARBON STEEL PIPE PLUG
4018170501,WELDED ALUMINUM CHAMFERED TUBE-ROUND
4018170502,WELDED ALUMINUM CHAMFERED TUBE-SQUARE/RECTANGLE
40181706,WELDED ALUMINUM TUBE ASSEMBLY
4018180501,WELDED STEEL CHAMFERED TUBE-ROUND
4018180502,WELDED STEEL CHAMFERED TUBE-SQUARE/RECTANGLE
40181806,WELDED STEEL TUBE ASSEMBLY
4018190101,WELDED STAINLESS STEEL BENT TUBE-ROUND
4018190102,WELDED STAINLESS STEEL BENT TUBE-SQUARE/RECTANGLE
4018190301,WELDED STAINLESS STEEL END FORMED TUBE-ROUND
4018190302,WELDED STAINLESS STEEL END FORMED TUBE-SQUARE/RECTANGLE
4018190501,WELDED STAINLESS STEEL CHAMFERED TUBE-ROUND
40181906,WELDED STAINLESS STEEL TUBE ASSEMBLY
4018230101,SEAMLESS STEEL BENT TUBE-ROUND
4018230102,SEAMLESS STEEL BENT TUBE-SQUARE/RECTANGLE
4018230501,SEAMLESS STEEL CHAMFERED TUBE-ROUND
4018230502,SEAMLESS STEEL CHAMFERED TUBE-SQUARE/RECTANGLE
40182306,SEAMLESS STEEL TUBE ASSEMBLY
4018240101,SEAMLESS STAINLESS STEEL BENT TUBE-ROUND
4018240102,SEAMLESS STAINLESS STEEL BENT TUBE-SQUARE/RECTANGLE
4018240301,SEAMLESS STAINLESS STEEL END FORMED TUBE-ROUND
4018240302,SEAMLESS STAINLESS STEEL END FORMED TUBE-SQUARE/RECTANGLE
4018240501,SEAMLESS STAINLESS STEEL CHAMFERED TUBE-ROUND
4018240502,SEAMLESS STAINLESS STEEL CHAMFERED TUBE-SQUARE/RECTANGLE
40182406,SEAMLESS STAINLESS STEEL TUBE ASSEMBLY
4018270501,EXTRUDED ALUMINUM CHAMFERED TUBE-ROUND
4018270502,EXTRUDED ALUMINUM CHAMFERED TUBE-SQUARE/RECTANGLE
40183002,PVC PLASTIC TUBING
4018300201,PVC PLASTIC TUBING ASSEMBLY
4018300202,PVC PLASTIC TUBING COMPONENT
40183004,HDPE PLASTIC TUBING
41102412,HOT AIR BLOWERS
41103311,MANOMETERS
41104213,DISTILLED OR DEIONIZED WATER
41111604,RULERS
41111605,STRAIN GAUGES
41111613,DISTANCE METERS
41111615,LASER MEASURING SYSTEMS
41111617,FEELER GAUGES
41111619,GO OR NO GO GAUGE
41111621,CALIPERS
41111622,MICROMETER CALIPERS
41111626,GAUGE BLOCK
41111630,DIAL INDICATOR OR DIAL GAUGE
41111716,BORESCOPE INSPECTION EQUIPMENT
41111717,BINOCULARS
41111901,COUNTERS
41111907,DIGITAL READOUT RECORDERS
41111921,SPEED SENSORS
41111926,PROXIMITY SENSORS
41111927,PRESSURE SENSORS
41111928,CURRENT SENSORS
41111931,FLOW SENSORS
41111934,FORCE OR TORQUE SENSORS
41111938,LEVEL SENSORS OR TRANSMITTERS
41111942,OPACITY OR DUST OR VISIBILITY SENSORS
41111945,LINEAR POSITION SENSORS
41111960,ULTRASONIC SENSOR
4111196601,HUMIDITY SENSORS-HUMIDITY MEASUREMENT
4111196602,HUMIDITY SENSORS-HUMIDITY & TEMPERATURE MEASUREMENT
41111967,LATERAL LONG YAW SENSOR
41111968,ANGULAR RATE SENSOR
41111970,TEMPERATURE SENSOR
41111973,PARTICLE COUNTER
41112103,FIBER SENSORS
41112108,LOAD CELLS
41112109,CURRENT TRANSDUCER
41112110,PRESSURE TRANSDUCER
41112209,THERMOSTATS
41112224,INFRARED THERMOMETER
41112301,HYGROMETERS
41112401,DEPTH GAUGES
41112404,PRESSURE REGULATOR
41112410,PRESSURE TRANSMITTERS
41112411,PRESSURE CONTROLLERS
41112412,PRESSURE GAUGE
41112514,OIL GAUGES
41112802,TACHOMETERS
41112901,DIRECTION FINDING COMPASSES
41113334,PAINT COATING TEST EQUIPMENT
41113601,AMMETERS
41113604,CAPACITANCE METERS
41113624,INSULATION TESTERS
41113630,MULTIMETERS
41113638,OSCILLOSCOPES
41113639,ACCELEROMETERS
41113650,FUNCTIONAL TESTER
41113664,PHASE SEQUENCE INDICATOR
41113668,CAPACITOR TESTER
41113678,CLAMP TESTER
41113708,POWER METERS
41113716,FIBER OPTIC FAULT LOCATORS
41114401,ANEMOMETERS
4111440110,ANEMOMETERS
4111440120,HANDHELD ANEMOMETERS
41114402,BAROMETERS
41114415,LIGHTNING ANALYSIS SYSTEM
41114427,WIND VANE
41114611,HARDNESS TESTERS
41115307,LASERS
41115313,HANDHELD REFRACTOMETERS OR POLARIMETERS
41116402,VIBRATION AND CONDITION MONITORING SYSTEM
42142608,MEDICAL SYRINGES WITHOUT NEEDLE
42171702,MOBILE MEDICAL SERVICES FIRST AID BLANKETS
42172001,MOBILE MEDICAL SERVICES FIRST AID KITS
42296339,ENDOSCOPE ACCESSORIES
43191501,MOBILE PHONES
4319151001,TWO WAY RADIOS
4319151002,TWO WAY RADIO ACCESSORIES
43201404,NETWORK INTERFACE CARDS
43201413,MAGNETIC STRIPE CARD
43201416,DATA ACQUISITION BOARD
43201503,CENTRAL PROCESSING UNIT CPU PROCESSORS
43201542,CONTROL UNIT
43201803,HARD DISK DRIVES
43201817,COMPACT DISC CD DRIVE
43202005,FLASH MEMORY STORAGE CARD
43202010,PEN OR FLASH DRIVE
43202201,TELEPHONE PIECE PARTS
43202205,KEYCAPS OR KEYTOPS OR KEYS
43211501,COMPUTER SERVERS
43211607,COMPUTER SPEAKERS
43211614,BLUETOOTH UNIVERSAL SERIAL BUS USB ADAPTER
43211617,UNIVERSAL SERIAL BUS USB EXTENSION CABLE
43211706,KEYBOARDS
43211708,COMPUTER MOUSE OR TRACKBALLS
43211711,SCANNERS
43211805,SERVICE KITS FOR STORAGE DEVICES
43211902,LIQUID CRYSTAL DISPLAY LCD PANELS OR MONITORS
43212104,INKJET PRINTERS
43212113,COMPACT DISC CD OR LABELING PRINTERS
43221706,RADIO ANTENNAS
43221721,RADIO FREQUENCY DATA COMMUNICATION EQUIPMENT
43221722,GLOBAL POSITIONING SYSTEM GPS ANTENNA
43222608,NETWORK REPEATERS
43222609,NETWORK ROUTERS
43222612,NETWORK SWITCHES
43222625,ACCESS SERVERS
43222628,MODEMS
43223303,DATACOM PATCH CORD
43223310,FIBER OPTIC CONNECTOR
43223339,FIBER OPTIC DISTRIBUTION BOX
43231512,LICENSE MANAGEMENT SOFTWARE
43232314,BUSINESS INTELLIGENCE AND DATA ANALYSIS SOFTWARE
43232608,INDUSTRIAL CONTROL SOFTWARE
43233004,OPERATING SYSTEM SOFTWARE
43233205,TRANSACTION SECURITY AND VIRUS PROTECTION SOFTWARE
44102904,AIR COMPRESSED SPRAY
44103105,INK CARTRIDGES
44111806,PROTRACTORS
44111912,WHITEBOARD ERASER
44121612,PAPER CUTTERS OR REFILLS
44121618,SCISSORS
44121708,MARKERS
44122003,BINDERS
44122109,HOOK AND LOOP FASTENER
45121504,DIGITAL CAMERAS
45121518,CAMERA KITS
45121521,INSPECTION CAMERA
45121603,CAMERA LENS
46171501,PADLOCKS
46171503,LOCK SETS
46171505,KEYS
46171523,MECHANICAL LOCK SYSTEM
46171604,ALARM SYSTEMS
46171610,SECURITY CAMERAS
46171613,GAS DETECTORS
46181501,PROTECTIVE APRONS
46181504,PROTECTIVE GLOVES
46181533,PROTECTIVE COATS
46181545,WATERPROOF SUIT
46181604,SAFETY BOOTS
46181605,SAFETY SHOES
46181704,SAFETY HELMETS
46181706,HELMET PARTS OR ACCESSORIES
46181802,SAFETY GLASSES
46181905,EAR PLUGS
46182005,MASK OR RESPIRATORS FILTERS OR ACCESSORIES
46182302,FALL PROTECTION LANYARD
46182304,ANCHORAGE CONNECTOR
46182309,SAFETY ROPE LADDERS AND WIRE ROPE LADDERS
46182314,SAFETY SLING
46182399,"FALL PROTECTION EQUIPMENT, GENERIC"
46182507,ELECTROMAGNETIC INTERFERENCE EMI SHIELDING MATERIAL
46191501,SMOKE DETECTORS
46191512,SOUND FIELD DETECTING DEVICE
46191601,FIRE EXTINGUISHERS
46191604,FIRE BLANKETS
4619160801,FSS COMPLETE SYSTEM
4619160802,FSS CYLINDER
4619160803,FSS HOSE
4619160804,FSS PRESSURE SWITCH
4619160805,FSS VALVE
4619160806,FSS NOZZLE
4619160807,FSS ACTUATOR
46191613,FIRE EXTINGUISHING AGENT
47121602,VACUUM CLEANERS
47131502,CLEANING CLOTHS OR WIPES
47131601,DUST BRUSHES OR PANS
47131604,BROOMS
47131618,WET MOPS
47131805,GENERAL PURPOSE CLEANERS
47131821,DEGREASING COMPOUNDS
47131825,CONTACT SURFACE CLEANERS
47131902,GRANULAR ABSORBENT
50202301,WATER
52161512,LOUDSPEAKERS
53101502,MENS SLACKS OR TROUSERS OR SHORTS
53101602,MENS SHIRTS
53101802,MENS COATS OR JACKETS
53102102,MENS OVERALLS OR COVERALLS
53102402,SOCKS
53103001,MENS TSHIRTS
53112101,MENS OVERSHOES
53131610,EYE CARE SUPPLIES
53131627,HAND CLEANER
53131634,CHEMICAL PROTECTION PRODUCTS
53141605,SEWING NEEDLES
55101516,OPERATION OR INSTRUCTION MANUALS
55101520,INSTRUCTION SHEETS OR BOOKLETS
55121620,MULTIPURPOSE LABELS
55121701,METALLIC NAMEPLATES
55121702,NON METALLIC NAMEPLATES
55121704,SAFETY SIGNS
55121725,SIGNAGE KITS
57060201,JERRY CANS
57070105,"PERSONAL PROTECTION EQUIPMENT, POWER AND WATER SUPPLY"
60121305,ROTARY PAPER OR FABRIC CUTTER
78141703,MARINE NAVIGATIONAL OR COMMUNICATION SERVICES
4619160808,FSS AEROSOL
26111802,GEARED TIMING BELTS